"2","MUSELÍN","43.560470142881606","-5.7025889301576544"
"3","CHALETS","43.53069904320166","-5.629483130510281"
"4","CONTROL","43.55852622933481","-5.701028675881393"
"5","PORTUARIOS","43.55425302050395","-5.699735867786214"
"7","CAMINO DE LA IGLESIA","43.54953533542223","-5.698200594176129"
"8","CASA DEL MAR","43.54356750968015","-5.693552535643982"
"9","CUATRO CAMINOS","43.54173099625166","-5.689720400912346"
"10","SANTA OLAYA","43.542146400081265","-5.686223713495313"
"11","PLAZA DE LA LUZ","43.542178725589054","-5.680630581654491"
"12","REVILLAGIGEDO","43.54196658808483","-5.677774391672971"
"13","ACUARIO","43.54137373820916","-5.6754088427010165"
"14","MUSEO DEL FERROCARRIL","43.54298537562871","-5.670021670498738"
"15","PEDRO DURO","43.543814504126395","-5.666518265501082"
"16","F.E.V.E.","43.54304342475023","-5.665221745351012"
"17","GOTA DE LECHE (LADO MAGNUS BLIKSTAD)","43.54120912846181","-5.665116129270347"
"18","BEGOÑA","43.538931776925715","-5.659681386510537"
"19","CABRALES","43.5379539983324","-5.65681653354808"
"20","RECONQUISTA","43.53763283943437","-5.654364262721773"
"21","RAMÓN Y CAJAL","43.53732894340133","-5.651553859724658"
"22","CODEMA","43.53719737344412","-5.647909440733187"
"23","ESTACIÓN DE SERVICIO VIESQUES","43.5350849872616","-5.6446487076601635"
"25","VIESQUES","43.531913505082265","-5.643185867781697"
"26","AULARIO","43.52574990774476","-5.625048454143918"
"27","ESCUELA POLITECNICA DE INGENIERIA","43.52534043748864","-5.633061373217384"
"28","ESCUELA DE MARINA","43.527512115573","-5.627117202356248"
"29","INTRA","43.52658023620192","-5.622609646426944"
"30","JARDÍN BOTÁNICO","43.52364961944363","-5.6145511235457555"
"31","PARQUE TECNOLÓGICO","43.52522234456511","-5.612317544253788"
"33","TANATORIO","43.52620406025081","-5.6083630948124075"
"34","HOSPITAL DE CABUEÑES","43.52681330832036","-5.606916828694089"
"35","TANATORIO","43.52623213761174","-5.608710781193862"
"36","UNIVERSIDAD LABORAL","43.52597937664155","-5.611892394107193"
"38","JARDÍN BOTÁNICO","43.523776679096464","-5.614507120140887"
"39","INTRA","43.52669745247694","-5.622602354067901"
"40","ESCUELA DE MARINA","43.52754543447113","-5.627625999522726"
"41","ESCUELA POLITECNICA DE INGENIERIA","43.5263442428732","-5.635604642487032"
"42","ÁLAVA","43.52705988243892","-5.675320135038719"
"43","VIESQUES","43.53117266844569","-5.642905988868603"
"44","FEIJOO","43.53511569133722","-5.644489163263017"
"45","PINTOR MAROLA","43.53744096510758","-5.645556213107186"
"46","CONTINENTAL","43.5390479030219","-5.648869227014514"
"47","LOS CAMPOS","43.539400475805685","-5.652300672486703"
"48","PARQUE COCHERAS","43.5381927408124","-5.646529723633643"
"49","BEGOÑA","43.539026111343986","-5.659883563693424"
"50","GOTA DE LECHE (LADO LLANES)","43.5409657007097","-5.66513015310832"
"51","HUMEDAL (LADO SEMÁFORO)","43.5412978656451","-5.664785856693575"
"53","PEDRO DURO","43.5446572883097","-5.665899412179464"
"54","PLAYA DE PONIENTE","43.54357839359819","-5.669688909333972"
"55","ACUARIO","43.54239901556228","-5.673919414762746"
"56","REVILLAGIGEDO","43.542172911602314","-5.679343078040835"
"57","NATAHOYO","43.54243694362063","-5.682288227393362"
"58","SANTA OLAYA","43.542141457855514","-5.68643390892027"
"59","CUATRO CAMINOS","43.54168913431629","-5.690733473764802"
"60","CASA DEL MAR","43.544466892690544","-5.693976321634042"
"61","CAMINO DE LA IGLESIA","43.548750617562796","-5.697497113681041"
"62","JOP","43.55055028100255","-5.697924048480803"
"63","PORTUARIOS","43.554495571725454","-5.699759083621908"
"64","CONTROL","43.558548018743366","-5.700868700672242"
"65","MUSELÍN","43.5605267410359","-5.702480031835241"
"66","EDIFICIO DE ENERGÍA","43.52509455699067","-5.621827552268586"
"67","C/ SEVERO OCHOA (CENTRO COMERCIAL)","43.52713249267507","-5.676833008949204"
"68","RÍO EO","43.52652101402103","-5.674108383197649"
"69","LA MANCHA","43.525426693107455","-5.671622342793111"
"70","GASPAR GARCÍA LAVIANA","43.527804373787404","-5.671207631519505"
"71","IGLESIA DE SAN MIGUEL","43.529072556272595","-5.670880022236484"
"72","SORIA","43.53139944591507","-5.670326894372398"
"73","AVDA. CONSTITUCIÓN (REY PELAYO)","43.53329355491608","-5.670955051034227"
"74","MANUEL LLANEZA","43.53658189397086","-5.667016139886076"
"75","PRENDES PANDO","43.53831059846779","-5.665087382098454"
"76","HUMEDAL (LADO CABINA)","43.54103587216797","-5.664823817854573"
"77","PLAZA DEL CARMEN","43.54382157051698","-5.663127084735334"
"78","EL PARCHIS","43.54350516149066","-5.6604767077761124"
"79","CAPUA","43.543376634295434","-5.657488044869559"
"82","LUCIANO CASTAÑÓN","43.54044260122479","-5.65201220763935"
"83","PLAZA DE TOROS","43.53693044064158","-5.645051201484352"
"84","LA ASUNCIÓN","43.53608577644738","-5.642254377100608"
"85","LAS MESTAS","43.53591334958813","-5.637246898144264"
"86","PLAZOLETA DE LA GUÍA","43.535431013806004","-5.6320031890904945"
"87","PROFESOR PÉREZ PIMENTEL","43.534902424670264","-5.626411028575572"
"88","DIONISIO CIFUENTES","43.53739451459913","-5.62179147739011"
"89","PLAZA VILLAMANÍN","43.53603868530747","-5.619665879439261"
"90","IGLESIA DE SAN JULIÁN","43.53743580017592","-5.62195416091868"
"91","PROFESOR PÉREZ PIMENTEL","43.53499095133202","-5.62647675289758"
"92","EL MOLINON","43.53604577755929","-5.63462893383446"
"93","LAS MESTAS","43.53622844908731","-5.637248263903983"
"94","EL PARQUE","43.536944442808384","-5.640942878716388"
"95","PLAZA DE TOROS","43.53792021284467","-5.6435226802308"
"96","CRUZ ROJA","43.54047330695786","-5.654179534581543"
"97","LA PLAZUELA","43.541769327058965","-5.6565262291194225"
"98","EL PARCHIS","43.54325410951837","-5.660044821439084"
"99","ALVAREZ GARAYA","43.5436586334419","-5.663936833765513"
"100","ESTACIÓN AUTOBUSES","43.540241053997185","-5.666088368849517"
"101","INFIESTO","43.53841710106042","-5.667468383651208"
"102","CARLOS MARX","43.536083956072254","-5.66906099089461"
"103","C/ SEVERO OCHOA (REY PELAYO)","43.53408598878913","-5.668638664635554"
"104","SORIA","43.532118424407265","-5.670383389819579"
"105","IGLESIA DE SAN MIGUEL","43.52945989578503","-5.670872376796972"
"106","GASPAR GARCÍA LAVIANA","43.527838617528374","-5.671283390335331"
"107","LA MANCHA","43.525985794517055","-5.671585165089542"
"108","RÍO EO","43.52633384012121","-5.673642266400866"
"110","CERILLERO","43.54022617877129","-5.705025634185842"
"111","ALGODONERA","43.539148401902075","-5.698058822144356"
"112","ECUADOR","43.5396692021035","-5.693539761192851"
"113","AVDA. SCHULZ (PUERTA LA VILLA)","43.53892926263617","-5.663654199245759"
"114","SAN JOSÉ","43.53641293869669","-5.664224045318571"
"115","PÉREZ DE AYALA","43.53373298119507","-5.664860892554201"
"116","MARCELINO","43.53085341120481","-5.665563142255916"
"117","ANA MARÍA","43.528510570034726","-5.666029124719051"
"118","HOGAR DEL LLANO","43.52550362806909","-5.6667875250249695"
"119","CTRA. CARBONERA, 36","43.52382608595302","-5.667295134899434"
"120","IRENE FERNÁNDEZ","43.52174778132455","-5.667228253826808"
"121","RONDA EXTERIOR","43.52052680179099","-5.6647617055414194"
"122","RÍO CARES","43.521482467608635","-5.664321244765407"
"123","RÍO NALÓN","43.523035982035125","-5.664884597774248"
"124","GENERAL GUTIÉRREZ MELLADO","43.51999140137934","-5.66841285430029"
"125","ESTACIÓN DE SERVICIO CONTRUECES","43.52353739658807","-5.667319527346181"
"126","CTRA. CARBONERA, 11","43.5257508069734","-5.666612811694234"
"127","VALENCIA","43.52938038694986","-5.6657952193630505"
"128","MARCELINO","43.53117254449445","-5.665391580515409"
"129","ELEUTERIO QUINTANILLA","43.533373778209324","-5.664820313298288"
"130","SAN JOSÉ","43.536415245042825","-5.664125137400684"
"131","PLAZA EUROPA","43.54017984291401","-5.664080601753055"
"132","ATENEO","43.54133139295879","-5.693688076679735"
"133","FÁTIMA","43.541051496359735","-5.699443346487073"
"134","AVDA. ARGENTINA (FÁTIMA)","43.54060860778468","-5.700277587378032"
"135","AVDA. DEL LLANO (SAN JOSÉ)","43.53615563463758","-5.659423142947839"
"136","PRAO DEL CUBANO","43.54237125821577","-5.698078874315316"
"137","PERU","43.543267261961546","-5.695593836433688"
"138","DOS DE MAYO","43.54045524619191","-5.6842425163461145"
"139","JARDINES DE LA REINA","43.54537975081908","-5.663876519844605"
"140","INSTITUTO","43.54604014458476","-5.662197434839756"
"141","GRAN CAPITÁN","43.541745613197705","-5.700551160848581"
"142","FÁBRICA DE GAS","43.54113650460321","-5.6504336129365615"
"144","MARQUÉS DE URQUIJO","43.540059495287565","-5.6464010240517"
"146","FEDERICA MONTSENY","43.54444500775541","-5.697193579943036"
"148","CENTRO NUEVAS TECNOLOGÍAS","43.51135662837787","-5.677656803532244"
"149","LA CARBAYERA","43.513834424619674","-5.677197341840622"
"150","BOMBEROS","43.51724329639768","-5.67696461809121"
"151","CAMPO DE FÚTBOL","43.51881672435201","-5.676675424279299"
"152","PARQUE ROCES","43.519897910789204","-5.680484585613116"
"153","BIBLIOTECA","43.5208069345107","-5.682417924880319"
"154","SANTA BÁRBARA","43.52328735212293","-5.682614517176271"
"155","AVDA. OVIEDO (CENTRO COMERCIAL)","43.526748987280826","-5.678597923159578"
"156","ESTACIÓN DE SERVICIO FORO","43.52883211280069","-5.676153373012125"
"157","SEDES","43.53124882458508","-5.673302650182862"
"158","PUERTA LA VILLA","43.539570118046534","-5.663199734614845"
"159","CALDERÓN DE LA BARCA","43.5355352625653","-5.647366371967239"
"160","C/ GENERAL SUÁREZ VALDÉS (FEIJOO)","43.53411182124243","-5.647403064618279"
"162","LEOPOLDO ALAS","43.53274342504172","-5.651278555235508"
"163","MARÍA CRISTINA","43.53342318316583","-5.651085594824678"
"164","GRAL. SUÁREZ VALDÉS","43.533316509171605","-5.648308792319058"
"165","USANDIZAGA","43.53320105903565","-5.6455192398635505"
"168","CANGAS DE ONÍS","43.53783572747613","-5.665759535036289"
"169","LLARANES","43.536196091037446","-5.667729316744632"
"170","POLÍGONO PUMARÍN","43.534213805518824","-5.670104641992787"
"171","SEDES","43.53129787368197","-5.673515195543372"
"172","PUERTA DEL SOL","43.52900910555863","-5.676284950652671"
"173","AVDA. DE OVIEDO (CENTRO COMERCIAL)","43.52701881933102","-5.678609871837784"
"174","SANTA BÁRBARA","43.52292060756647","-5.683278792781275"
"175","EL HOGAR","43.52076573346443","-5.682638811762386"
"176","PARQUE ROCES","43.51982392578197","-5.680567917404953"
"177","CAMPO DE FÚTBOL","43.518749130354344","-5.676870395140774"
"178","BOMBEROS","43.51690644837768","-5.677122926756391"
"179","LA CARBAYERA","43.51348916112409","-5.677330525935836"
"180","CAMINO DE RUBÍN","43.5412011931365","-5.705675738110091"
"181","INEM","43.54135419979333","-5.70377649942044"
"182","FRANCISCO DE PAULA","43.537844290273625","-5.658049361978109"
"183","PATRONATO","43.53552041707406","-5.656152692396348"
"184","LA PAZ","43.53305345624989","-5.654212766641999"
"185","MARQUÉS DE URQUIJO","43.53934617231609","-5.6468772520590615"
"186","HNOS. FELGUEROSO","43.53422752633085","-5.654833579726291"
"187","FUENTE DEL REAL","43.533762283719355","-5.655481441201646"
"189","MAGALLANES","43.542060207575474","-5.701716305081766"
"190","ALONSO QUINTANILLA","43.54174372113724","-5.704437537199572"
"191","DOLORES IBARRURI","43.52782371188583","-5.682295969554955"
"192","AULARIO","43.5249530629268","-5.624853016701736"
"193","EDIFICIO DE ENERGÍA","43.52494051045791","-5.621870371483033"
"194","FÁBRICA DE GAS","43.540670976803355","-5.649930499856867"
"196","TORRECERREDO","43.529364608407576","-5.67840438639531"
"197","C/ PEÑA SANTA DE ENOL (NARANJO DE BULNES)","43.52815936925182","-5.678734626355455"
"198","URGISA","43.53281020168656","-5.6712183392345645"
"199","PUERTO TARNA","43.533319800925156","-5.672527905438212"
"200","PUERTO SOMIEDO","43.534706446513006","-5.673294607977266"
"201","PUERTO SAN ISIDRO","43.535669525798454","-5.674847059132982"
"202","PUERTO PAJARES","43.537537714625294","-5.67427374928722"
"206","LA GUÍA","43.533911022515156","-5.631541014160718"
"207","CAPUCHINOS","43.53954084767871","-5.652071670087083"
"210","PUERTO DE PAJARES","43.5371993747982","-5.673726602823273"
"211","PUERTO SAN ISIDRO","43.53563935859694","-5.674981861033609"
"212","PUERTO DEL PONTON","43.53377377223214","-5.675443868170634"
"213","PUERTO DE TARNA","43.533262653250155","-5.672661510962837"
"214","PLAZA DE LA HABANA","43.53961155584391","-5.682212389626645"
"215","CENTRO DE SALUD DE PUMARÍN","43.53060549390333","-5.676937213391045"
"219","PLAZA DE LA HABANA","43.53951869882865","-5.683099401268115"
"220","RIO NARCEA","43.521768502988266","-5.66402451127189"
"221","RIO NALÓN","43.52357784158029","-5.664042317135298"
"222","DOLORES","43.52549799129337","-5.665871604000676"
"223","ANA MARÍA","43.528618973220034","-5.665241928788293"
"224","RÍO DE ORO","43.53044610661942","-5.662179200285602"
"225","MIERES","43.538606902118275","-5.6635781152072795"
"226","AVDA. DEL LLANO (PÉREZ DE AYALA)","43.53312721438981","-5.659945870066842"
"227","CORTES DE CÁDIZ","43.54057161064996","-5.683505060522715"
"228","MÓSTOLES","43.54226197436323","-5.683221145470344"
"229","AVDA. CASTILLA","43.54077748513086","-5.644167441832241"
"231","OASIS","43.543697158854805","-5.640557073728023"
"232","COLONIA DEL PILES","43.543777457458695","-5.63356717205302"
"233","EL PISÓN","43.54307506738592","-5.629662394437316"
"234","ALTO DEL PISÓN","43.54151292380542","-5.625943159279567"
"235","RESIDENCIA","43.54054480608452","-5.623797012751373"
"236","EL FIELATO","43.538880038040816","-5.620618216318439"
"237","LA COROLLA","43.53837359509062","-5.618752151503396"
"238","TORRE FLORIDA","43.53804202008998","-5.614752542678639"
"239","CAMINO DE LA PIPA","43.53825473132494","-5.61332605577999"
"240","LA PIPA","43.53988306016453","-5.611416123946218"
"241","CAMINO DE LA PIPA","43.538393896128426","-5.61314642093903"
"242","TORRE FLORIDA","43.53803296477059","-5.615148200664002"
"243","LA COROLLA","43.53838322963271","-5.618331763732018"
"244","EL FIELATO","43.53919031844127","-5.620829692558197"
"245","RESIDENCIA","43.54068730278489","-5.623865081909477"
"246","ALTO DEL PISÓN","43.541561307751195","-5.625796733516351"
"247","EL PISÓN","43.54305548221864","-5.629339725713813"
"248","COLONIA DEL PILES","43.54386740449393","-5.6335710903447875"
"249","OASIS","43.54404397072702","-5.639185911800441"
"250","CEMENTERIO CAMPA","43.54226242083114","-5.714077954390482"
"251","AVDA. CASTILLA","43.54103718480613","-5.644228307977706"
"252","MANSO","43.54132957015205","-5.646766045974237"
"253","CHALETS","43.5307375827766","-5.6293734305881635"
"254","MENÉNDEZ PELAYO","43.542051450520994","-5.649805345637444"
"255","MUROS DE GALICIA","43.5297547541761","-5.646593607336951"
"257","MARIA CRISTINA","43.531026866600634","-5.649978172845402"
"258","ELEUTERIO QUINTANILLA","43.53205089206206","-5.6605420474347214"
"259","JUAN ALVARGONZÁLEZ","43.53163178063202","-5.663072904307251"
"260","MUROS DE GALICIA","43.52968864175086","-5.646726837544795"
"261","DOLORES","43.5254684119744","-5.665981665997014"
"262","IGLESIA DE CONTRUECES","43.522913915668624","-5.663555264448842"
"263","AVDA. CONSTITUCIÓN (PUERTA LA VILLA)","43.53935840390498","-5.66378449557582"
"264","CENTRAL ELÉCTRICA","43.51977891102279","-5.685552150529623"
"265","DESGUACE","43.513281746343786","-5.686550446330147"
"266","PORCEYO (CENTRO COMERCIAL)","43.512504771887464","-5.6912541556191245"
"267","DESGUACE","43.51325564817737","-5.686128658977248"
"269","PLAZA DEL CARMEN (BLANCA RÍOS)","43.54412305963723","-5.663326032573097"
"270","HOSPITAL DE JOVE","43.551733600546","-5.698905320698723"
"271","CARRETERA GENERAL","43.52162712349242","-5.607312019409169"
"272","POLIGONO DE PUMARÍN","43.533807972477604","-5.6709035167699895"
"273","ESTACIÓN DE SERVICIO POL. BANKUNIÓN 1","43.53674553412718","-5.689610016882309"
"274","POL. DE BANKUNIÓN 1","43.53520563974544","-5.6911503967444546"
"275","AMBULATORIO","43.532343854918636","-5.695292542167038"
"276","CAMPONES 142","43.531417151281865","-5.699458793880064"
"277","PUENTE RONDA","43.529691342395836","-5.704665803899538"
"278","JUVERÍA","43.52709041737823","-5.7091774765435614"
"281","LA CURVA","43.506364261936156","-5.726569662600425"
"282","POLÍGONO DE SOMONTE","43.51702587223219","-5.722744511508276"
"283","LA TEJERA DE SOTIELLO","43.50520195308395","-5.728113009167107"
"286","LA TEJERA DE SOTIELLO","43.50533097150896","-5.727611662291047"
"287","POLÍGONO DE SOMONTE","43.51713099191915","-5.722489425213469"
"291","JUVERÍA","43.52771714646186","-5.7078072416401255"
"292","PUENTE RONDA","43.52963423540094","-5.704415754594618"
"293","CAMPONES 142","43.531340876245906","-5.699257387277639"
"294","AMBULATORIO","43.532192410486395","-5.695223916260205"
"295","POL. DE BANKUNIÓN 1","43.53516823910145","-5.690826958351116"
"296","ESTACIÓN DE SERVICIO POL. BANKUNIÓN 1","43.53663186220879","-5.68870149655771"
"297","LA CURVA","43.506500794758686","-5.726885063321157"
"299","I.E.S.","43.52700048641105","-5.621167700819189"
"301","LAS QUINTANAS","43.522144775755415","-5.657532740153409"
"302","CONTRUECES","43.51621686292985","-5.657680669786251"
"303","CUESTA DE LA PIEDRA","43.51195014867567","-5.658408767805139"
"304","LA FLOR DE GRANDA","43.507039256050774","-5.6562509684137545"
"305","GRANDA","43.50175615531886","-5.6569344839388265"
"306","ESCUELAS DE GRANDA","43.49888019991023","-5.654384055698794"
"307","LOS PUYOS","43.496052048280454","-5.649770525059198"
"308","EL CINE","43.49514893325176","-5.652216925635498"
"309","ESCUELAS","43.493037272095194","-5.651258735622674"
"310","EL ROBLE","43.48902898334996","-5.650551522748918"
"311","EL TRANSFORMADOR","43.48800029827046","-5.652200690584185"
"312","VEGA","43.48636091527436","-5.654169294958935"
"313","EL TRANSFORMADOR","43.48780893432138","-5.652686961614171"
"314","MERCADO","43.489023140902255","-5.650415235631414"
"315","ESCUELAS","43.49324644249664","-5.651168953691999"
"316","EL CINE","43.49520806303945","-5.651996895624128"
"317","IGLESIA DE SAN MARTÍN","43.48253773196686","-5.672178588466866"
"318","LOS PUYOS","43.496004956516906","-5.649471634272796"
"319","ESCUELAS DE GRANDA","43.49909348744499","-5.654504722801718"
"320","GRANDA","43.500778725338115","-5.65598866152032"
"321","LA FLOR DE GRANDA","43.506987299413005","-5.656162097316492"
"322","CUESTA DE LA PIEDRA","43.51195302402624","-5.6582851822702045"
"323","CONTRUECES","43.51620261098073","-5.657519207154187"
"329","CTRA. AVILÉS (CERILLERO)","43.539693958958864","-5.708108410056351"
"330","ALTO DEL CERILLERO","43.5393942379878","-5.710496080546847"
"332","CASA BLASCO","43.545776830105325","-5.716983677292391"
"333","LA PANERONA","43.549171250895704","-5.714710019158366"
"334","LA CINTA","43.55319094406409","-5.711127181218375"
"335","EL REGATÓN","43.55778108354904","-5.708163706485771"
"336","LES CABAÑES","43.56054541196508","-5.708535234472642"
"337","CAMPA DE TORRES","43.56382812071753","-5.705648872750845"
"338","LES CABAÑES","43.560408447502795","-5.708615761958575"
"339","EL REGATÓN","43.55813703761427","-5.70834060854999"
"340","LA CINTA","43.553348729618605","-5.711307574738827"
"341","LA PANERONA","43.54930792531904","-5.714641885029566"
"342","CASA BLASCO","43.54577271322328","-5.717156785405312"
"343","LOS DEPÓSITOS","43.54211499026826","-5.714219863757592"
"344","ALTO DEL CERILLERO","43.53920565423608","-5.710475249716098"
"345","CTRA. DE AVILÉS (EL CERILLERO)","43.53951583402536","-5.708026170960949"
"347","PORCEYO","43.50303829169404","-5.703227370984913"
"351","IGLESIA DE SAN ANDRÉS","43.51239937916377","-5.769138772312304"
"352","MONTIANA","43.52253810761266","-5.746736964190296"
"353","POAGO","43.540940322592306","-5.728004713884479"
"354","EL ESTANCO","43.500693685493694","-5.685818650878177"
"355","ESTACIÓN DE SERVICIO VERIÑA","43.541149038293916","-5.720006128123583"
"356","PUENTE SECO","43.5379868866404","-5.7162994471039505"
"357","PRINCIPE DE ASTURIAS","43.540035640741216","-5.690598002203984"
"358","LOS CALEROS","43.51986191746993","-5.67356659975561"
"359","EL ESTANCO","43.50083672438434","-5.685862102872038"
"360","LA PEDRERA (CABECERA)","43.48999090821767","-5.697933272257379"
"361","EL CRUCE","43.50181133576679","-5.684618953518557"
"362","POLIGONO DE ROCES","43.50914631403825","-5.677460055306442"
"363","CTRA. VILLAVICIOSA (ESCUELA DE LA MARINA)","43.52834608572468","-5.6260892109371445"
"364","PLAZA  JUAN A. RUBIO","43.52123086762419","-5.670855523552622"
"365","LOS CALEROS","43.51990801722444","-5.673135588644109"
"366","PRINCIPE DE ASTURIAS","43.53999940375435","-5.690225082245371"
"367","PUENTE SECO","43.53817147160023","-5.716109714959034"
"368","CEMENTERIO DE DEVA","43.49985102505251","-5.582551939874764"
"369","CEMENTERIO DE DEVA (TANATORIO)","43.50112324937601","-5.582433037642491"
"370","POAGO","43.54139946969338","-5.727629362034407"
"371","MONTIANA","43.522832746496704","-5.746465754420251"
"372","HOTEL","43.54800390969499","-5.637700073102385"
"373","PROVIDENCIA","43.55073678391219","-5.6155616287791315"
"374","CAMINO PLAYA DE LA ÑORA","43.533532335569596","-5.596538640109747"
"375","EL TASQUERU","43.5279818180809","-5.589185034440814"
"376","EL INFANZÓN","43.524635278567196","-5.5878662914588855"
"377","FÁTIMA","43.54104915926426","-5.699542259122368"
"378","EL INFANZÓN","43.52465774822643","-5.587669271483501"
"379","EL TASQUERU","43.52803043504308","-5.589026246752468"
"380","CAMINO PLAYA DE LA ÑORA","43.533500008049074","-5.596376369006787"
"381","PROVIDENCIA","43.55027791607926","-5.61633403154322"
"382","SANATORIO MARÍTIMO","43.5466288572556","-5.639930057296632"
"383","AVDA. DEL LLANO (SAN JOSÉ)","43.53640711969392","-5.659062917221607"
"384","URB. EL RINCONÍN","43.548331999953824","-5.637528710379932"
"385","SANATORIO COVADONGA","43.53250562253002","-5.647555511024689"
"386","ALVARÉZ GARAYA","43.54274909387667","-5.664329968000805"
"388","CRUCE  DEVA","43.517829553881484","-5.60248398375474"
"389","DEVA","43.50716042588061","-5.5989079526389105"
"390","CRUCE DEVA","43.51773539498183","-5.602269603429979"
"391","PLAZA JUAN A. RUBIO","43.5215134521989","-5.670707147555237"
"392","POL. BANKUNIÓN 2","43.530469839031106","-5.713981829131044"
"393","ANTONIO MACHADO","43.51990773587266","-5.670067120516318"
"394","PLAZA DE VILLAMANÍN","43.536107885234294","-5.619396601856298"
"395","CENTRAL ELÉCTRICA","43.51994023964325","-5.685200499939482"
"396","SANATORIO MARÍTIMO","43.54653220181815","-5.639826809955529"
"397","FINCA POTROS","43.55013267668676","-5.61205697931688"
"398","FINCA POTROS","43.55020491820273","-5.612047722225717"
"399","EDUARDO VARELA","43.519567362511566","-5.667292979682092"
"405","IGLESIA DE CENERO","43.50279448967043","-5.732779056182176"
"408","LA MINA","43.48666490698786","-5.66470608813132"
"409","CASA BAUTISTA","43.48448956099801","-5.667639962982986"
"410","CASA BAUTISTA","43.48435810338983","-5.66748578788771"
"411","LA MINA","43.48669067406159","-5.664373339307593"
"421","EL CAÑAVERAL","43.52179734939377","-5.748336588165695"
"422","CENTRO ASTURIANO","43.49852983665967","-5.682494508367936"
"423","CEMENTERIO MONTIANA","43.52437014110905","-5.742811075651514"
"424","LA GRANJA (MONTIANA)","43.526891720633586","-5.74166324575426"
"425","LA FRAGUA","43.53092940502393","-5.735485512615539"
"426","LAS CRUCES","43.53521140876053","-5.731879805719457"
"427","POAGO ALTO","43.53981706941748","-5.729043195107868"
"428","PASO A NIVEL","43.54333085795313","-5.724040363608373"
"429","ESTACIÓN DE SERVICIO MAREO","43.49504477392225","-5.68941445541734"
"430","EL ALTO","43.49351361299206","-5.694404720660355"
"431","IGLESIA DE LA PEDRERA","43.49146815755698","-5.696762380669197"
"432","CENTRO ASTURIANO","43.49846194429288","-5.68270176354782"
"433","LEORIO DE ABAJO","43.50166307046987","-5.684797915039754"
"434","CRUCE A GRANDA","43.49573516107377","-5.671499362736168"
"435","CRUCE DE LA PITI","43.49311598663834","-5.674154102783228"
"436","LEORIO DE ARRIBA","43.49246890180911","-5.677563608637371"
"437","LA CASONA","43.4945327398561","-5.678631899471851"
"438","CENTRO CULTURAL","43.49726035957699","-5.6782701980105745"
"439","IGLESIA DE LA PEDRERA","43.49168668914385","-5.6962774306891415"
"440","EL ALTO","43.49346285155797","-5.694266421031522"
"441","ESTACIÓN DE SERVICIO MAREO","43.49492959187145","-5.689335133952809"
"442","BASCULA","43.54320389671167","-5.722945418134444"
"443","PASO A NIVEL","43.543369047296856","-5.7243267689005215"
"444","POAGO ALTO","43.539969376870395","-5.729074823681882"
"445","LAS CRUCES","43.53537697342913","-5.7321100524674"
"446","LA FRAGUA","43.53112419770271","-5.73524682176443"
"447","LA GRANJA (MONTIANA)","43.526877387313746","-5.741885331603881"
"448","CEMENTERIO MONTIANA","43.524588962632635","-5.742697260027815"
"449","EL CAÑAVERAL","43.52198532912288","-5.748382247387631"
"453","AGRICULTURA","43.52725602583266","-5.715854635628758"
"454","LA GRANJA (PROVIDENCIA)","43.548283524697396","-5.6290843620375455"
"455","NAVALÓN","43.547350533710265","-5.625020785659124"
"456","PEÑARRUBIA","43.54774501858737","-5.620779700402376"
"457","RECREO","43.549415693020926","-5.617027063755315"
"458","CAMINO DE LOS OLIVOS","43.54861368147846","-5.609577487416054"
"460","LA PEÑUCA","43.54244895384652","-5.604323270200126"
"461","CAMINO DE LOS AVELLANOS","43.537641582908755","-5.601133484639033"
"462","CRUCE INFANZÓN","43.53051080630602","-5.593995797570662"
"463","EL PINAL 2","43.52011072270075","-5.587276837360339"
"464","CAMÍN DE DEVA","43.51575045722584","-5.585395450244121"
"465","EL MIRADOR","43.51295815157905","-5.586241136740963"
"466","CASA EL FAQUE","43.50731920300302","-5.584763180988737"
"467","LA OLLA","43.504963373568934","-5.581038246214722"
"468","CASA EL FAQUE","43.50738524384177","-5.584629927722732"
"469","EL MIRADOR","43.5129733007689","-5.585969612639254"
"470","CAMÍN DE DEVA","43.51576532507841","-5.585136273391612"
"471","EL PINAL 2","43.52010732525375","-5.587029234285564"
"472","CRUCE INFANZÓN","43.530350846352505","-5.5935063130320435"
"473","CAMINO DE LOS AVELLANOS","43.53765677014947","-5.600861855399945"
"474","LA PEÑUCA","43.54260607062746","-5.6045404554974985"
"476","CAMINO DE LOS OLIVOS","43.54863449567114","-5.6094545987575035"
"477","RECREO","43.54938474278477","-5.617199027964675"
"478","PEÑARRUBIA","43.54791279923674","-5.620923139070503"
"479","NAVALÓN","43.54744417471138","-5.624863931971462"
"480","LA GRANJA (PROVIDENCIA)","43.548343926697655","-5.629198397109533"
"481","CAMPING","43.54842105370698","-5.635230164048131"
"483","CRUCE DEL RINCONÍN","43.51082557508428","-5.6016508582222"
"484","CRUCE DEL RINCONÍN","43.51078735338998","-5.60135231192548"
"491","METALURGIA","43.52916103617395","-5.711844154749731"
"493","VERIÑA","43.541505105347134","-5.71979935798329"
"494","CENTRO DE EMPRESAS","43.540206746539184","-5.703564284941762"
"495","CENTRO DE EMPRESAS","43.54015512189682","-5.703462960993816"
"496","CAMPING DEVA","43.51506303065809","-5.602587702657412"
"497","POL. DE ROCES","43.50933868925726","-5.677703607273131"
"498","CAMPING","43.54816248959852","-5.6351198626455306"
"499","CRUCE CTRA. GENERAL","43.522617268189826","-5.587520131260451"
"500","CRUCE CTRA. GENERAL","43.5225571019841","-5.587393824181902"
"501","PUENTE DEL PILES","43.54212286816321","-5.645946736291523"
"502","CARRETERA GENERAL","43.52147925557969","-5.60747887150244"
"503","CAMPING DEVA","43.51512795189473","-5.602899791201133"
"504","FIDMA","43.53928293186439","-5.637542383415205"
"505","MUSEO EVARISTO VALLE","43.53526830937349","-5.6159568411714735"
"506","CAMINO BERBORA","43.53365930868494","-5.612298303484192"
"507","CANDENAL","43.53079423117232","-5.611592928982916"
"508","CAMINO BERBORA","43.53304827220097","-5.611851142534839"
"509","MUSEO EVARISTO VALLE","43.53537907817735","-5.615837872725581"
"512","APTA","43.50861126432147","-5.688359526786704"
"513","BENJAMIN FRANKLIN","43.5076255309074","-5.690455805203384"
"514","PAÑEDA","43.50581514261447","-5.695830470251352"
"515","SUZUKI","43.50293162561985","-5.696691610020999"
"516","VICASA","43.501587142818664","-5.6987220914135985"
"517","POL. DE PORCEYO","43.50028315566865","-5.701323253695484"
"518","VICASA","43.50150911254478","-5.698594922945996"
"519","SUZUKI","43.50283472963508","-5.696600708827152"
"520","PAÑEDA","43.505801569744456","-5.695260850195985"
"521","BYG","43.507537624299076","-5.6903653060936055"
"522","APTA","43.50851348940629","-5.6883057022763195"
"525","CENTRO NUEVAS TECNOLOGÍAS","43.51077868312157","-5.678113700754661"
"527","PARQUE","43.52349928921362","-5.67588033750189"
"528","MONTEVIL OESTE","43.52164102461384","-5.672952320967862"
"529","LOS FRESNOS","43.53371802850364","-5.662026212322072"
"530","ALFONSO CAMÍN","43.533384592852116","-5.6585587505895205"
"531","HNOS. FELGUEROSO","43.53355657776645","-5.654259598942506"
"532","MARIA CRISTINA","43.533994012485344","-5.6493780199357575"
"533","LEOPOLDO ALAS","43.53413414385006","-5.651488033258242"
"535","LOS FRESNOS","43.53380963596389","-5.661572345337658"
"536","MONTEVIL OESTE","43.52187921770203","-5.672777246329507"
"537","PARQUE","43.523962656810994","-5.676086437724672"
"538","C/ VELÁZQUEZ (CENTRO COMERCIAL)","43.525248648710395","-5.678073654196981"
"539","AVELINO G. MALLADA","43.534536898983404","-5.6527556489829465"
"540","PABLO IGLESIAS","43.53761103106492","-5.65181375826058"
"541","PARQUE J. BESTEIRO","43.540491390705654","-5.7002847292254"
"542","ALBERT EINSTEIN","43.53008280176143","-5.640197761099704"
"543","CORÍN TELLADO","43.52922839263983","-5.642882906818896"
"544","CORÍN TELLADO","43.529380313397574","-5.6425430515838055"
"554","CENTRO DE SALUD DE VEGA","43.49419038110185","-5.648514150020452"
"555","CENTRO DE SALUD DE VEGA","43.49422406871306","-5.648614563786813"
"569","CENTRO CULTURAL","43.49709382553853","-5.678460722281348"
"582","COCHERA","43.5382619793583","-5.706224920833673"
"583","ENTRADA COCHERA","43.539817049366235","-5.705192982825313"
"584","LUIS VERETERRA","43.50823458070246","-5.727804358445328"
"585","LUIS INFIESTA","43.51252490726359","-5.726104928733996"
"586","JOSE LLAMA","43.51642050939585","-5.72472154656315"
"587","JOSE LLAMA","43.51653891331542","-5.725419715038971"
"588","LUIS INFIESTA","43.512548351039946","-5.726254440002971"
"589","LUIS VERETERRA","43.50834796317858","-5.727957913167309"
"590","DANIEL PALACIO","43.5292466873838","-5.649479438201876"
"591","PARQUE FLUVIAL","43.528162193102744","-5.647711878381968"
"592","PARQUE FLUVIAL","43.52852444136433","-5.647232751696909"
"593","LA GUIA","43.535529671003026","-5.632019859030901"
"594","URUGUAY","43.541020641565936","-5.69617440966994"
"595","COMISARIA","43.54086319701996","-5.678369131114052"
"596","CRUCE VIÑAO","43.52718507764269","-5.640912735312516"
"597","VIÑAO","43.52803385680684","-5.641197282161502"
"601","HOSPITAL DE JOVE","43.55176957739593","-5.69890692731564"
"604","MARTÍN","43.5433461560568","-5.701402446105275"
"605","BARROS","43.54299566909954","-5.704419277184713"
"606","POLÍGONO DE ZARRACINA","43.49741878456627","-5.709358466404783"
"609","SIERRA DEL SUEVE","43.53075965106127","-5.681114419712753"
"610","SIERRA DEL ARAMO","43.53117281218725","-5.681157485349568"
"611","DANIEL PALACIO","43.529251273882224","-5.6492816434099495"
"623","RESIDENCIA DEL CARMEN","43.53702877748582","-5.652072879429493"
"624","CIRUJEDA","43.53456129922525","-5.652868101675245"
"637","AVDA. LA CAMOCHA","43.49543219190767","-5.646601979081578"
"638","AVDA. LA CAMOCHA","43.49563637065041","-5.646338809815338"
"655","LOS PUYOS","43.49620558959853","-5.648973325867458"
"656","LOS PUYOS","43.49629496338277","-5.649001971435262"
"657","RUBIN","43.542916774428434","-5.706990268446982"
"658","RESIDENCIA GERIATRICA","43.544653145538305","-5.707426979396111"
"659","FLOREZ ESTRADA","43.5436763486316","-5.699622440055549"
"660","RESIDENCIA GERIATRICA","43.54435000201935","-5.708440759637331"
"662","ESTACIÓN FERROCARRIL ESTE","43.53914234996531","-5.672265426718645"
"663","ESTACIÓN FERROCARRIL OESTE","43.53890997009927","-5.672576950692609"
"665","MONTEVIENTO","43.54696979394508","-5.607439330257628"
"666","LOS MADROÑOS","43.545481163079344","-5.609937384209443"
"667","LOS MADROÑOS","43.54559418588148","-5.609719457963712"
"668","MONTEVIENTO","43.54681070802318","-5.60730868472837"
"669","PLAZA DE LA BRAÑA","43.51361249739566","-5.665508812887988"
"670","RAMON G. LOZANA","43.51316950697353","-5.670598701235373"
"671","JENARO SUAREZ P.","43.51223346130977","-5.673279067658661"
"672","CENTRO NUEVAS TECNOLOGIAS","43.51108268757859","-5.6766673752732135"
"675","ALBERT EINSTEIN","43.529838083902746","-5.640657323518241"
"676","ESCUELA DE MARINA","43.52916094005799","-5.62941626487517"
"677","INTRA","43.52905069071779","-5.620105695829081"
"678","CRISANTEMOS","43.52828898343022","-5.612870713185502"
"679","CRISANTEMOS","43.52839250048242","-5.612281205145402"
"680","INTRA","43.529169891313636","-5.620011861391585"
"681","ESCUELA DE MARINA","43.529316017321555","-5.629720000384883"
"682","ESPERANTO","43.53308763187666","-5.648472027035597"
"683","JENARO SUAREZ P.","43.51080279357329","-5.673624116910638"
"684","RAMON G. LOZANA","43.51183283499574","-5.670774770305265"
"685","LA TEYERONA","43.53128822348064","-5.651907771983211"
"686","MAR CANTABRICO","43.52630042424388","-5.6511198917845205"
"687","LA CORIA","43.52366780311407","-5.653986556470103"
"688","LA CORIA","43.52362340442502","-5.653959861577094"
"689","MAR CANTABRICO","43.52640940310999","-5.650691572727908"
"690","LA TEYERONA","43.531344959869266","-5.651402878178061"
"691","AVELINO G. MALLADA","43.53477294564161","-5.651120013862181"
"692","SANATORIO DEL CARMEN","43.536965338696916","-5.6524785153638915"
"693","CABRALES","43.537624812491174","-5.657420891975703"
"694","SALIDA A AS-18","43.501743410791086","-5.703157184533749"
"695","ENTRADA DE AS-18","43.501659246816395","-5.703289486278413"
"696","AVDA. LLOREDA","43.52688698208552","-5.711680330567104"
"697","LLOREDA","43.523993656964464","-5.714087225981103"
"698","LLOREDA","43.52398613092399","-5.714025020236047"
"699","AVDA. DE LLOREDA","43.5268182559138","-5.71154113341343"
"700","OASIS","43.544586772063944","-5.640633064581058"
"701","POLÍGONO DE PORCEYO","43.50081807517712","-5.701928457630428"
"702","DECATHLON","43.510403738227275","-5.6887113018154345"
"703","DECATHLON","43.51073885573714","-5.688627221709529"
"704","SANZ CRESPO","43.541803417926616","-5.670897768189981"
"705","SANZ CRESPO","43.541716039979256","-5.670398817069146"
"706","ESTACIÓN FERROCRRIL ENTRADA PRINCIPAL","43.53941839209691","-5.6739361182920875"
"707","RASTRO","43.537391906703746","-5.632868251971807"
"709","AVDA. DEL LAUREDAL","43.54563923787085","-5.703807238556239"
"710","HERNAN CORTES","43.542446999067685","-5.6998274693354185"
"711","AVDA. DEL LAUREDAL","43.545658026315095","-5.704154664781333"
"712","ESTACION DE SERVICIO CAMPA","43.54002636883956","-5.710796711141522"
"713","ESTACION DE SERVICIO CAMPA","43.53965467540916","-5.710903814527825"
"714","COMISARIA","43.5408324366008","-5.678144980821137"
"715","DIONISIO DE LA HUERTA","43.53322417216895","-5.6320432762687975"
"716","CARREÑO MIRANDA","43.538177526767015","-5.64251905133848"
"717","CANDENAL","43.53090334687023","-5.611152137233937"
"718","FUENTE LA MARICA","43.54671751192158","-5.615325823515067"
"719","BANKUNION 2 (CONTROL)","43.527332587294005","-5.710735111262306"
"720","METALURGIA","43.52920464097728","-5.711524367904783"
"721","POLIGONO BANKUNION 2","43.530473547297014","-5.714204744586296"
"722","AGRICULTURA","43.527261314601944","-5.715632135901895"
"723","IGLESIA DE PORCEYO","43.50340786856585","-5.705111654446847"
"724","PASARELA PEATONAL","43.50044486451811","-5.707044855776657"
"725","PASARELA PEATONAL","43.500536189437305","-5.707370528375445"
"726","CAMÍN DEL LUNES","43.487646475984114","-5.65386700358888"
"727","VATICANO","43.48735110960384","-5.661533442378235"
"728","VATICANO","43.48732844193928","-5.661346954245575"
"729","EL FALCUN","43.52225107936095","-5.759022934610148"
"730","CAMIN DE LA BLAGUERA","43.5181025286597","-5.756322161018888"
"731","EL FALCUN","43.52217465167108","-5.759205047396029"
"732","CEMENTERIO DE CEARES","43.52723380766505","-5.657063347563025"
"733","ENTRADA COCHERA TREMAÑES","43.5324752584361","-5.699642152042867"
"734","SALIDA COCHERA TREMAÑES","43.53238262496276","-5.700133030837513"
"735","NUEVOS JUZGADOS","43.540294008474675","-5.673455009250298"
"736","ESTACIONAMIENTO CAMPUS","43.52949437159027","-5.632140838734409"
"737","RUIZ GOMEZ","43.54172631369353","-5.654890537555062"
"739","NUEVO ROCES (POL. ROCES)","43.50875028587119","-5.677838393561934"
"740","ALEXANDER GRAHAM BELL","43.51015002170647","-5.681116730420797"
"741","AVDA. ROCES (CAMPO FUTBOL)","43.51449526206271","-5.662788805523826"
"742","CTRA. OBISPO (COLEGIOS)","43.52025063289575","-5.661544966444347"
"743","RIO SELLA","43.5218195288409","-5.665697140126815"
"744","PINTOR MANUEL MEDINA","43.523774903175415","-5.666401979065802"
"745","CTRA. DEL OBISPO (COLEGIOS)","43.51982184301159","-5.661785933157648"
"746","AVDA. DE ROCES (CAMPO FUTBOL)","43.514453011080825","-5.663442646153871"
"747","VEGAPRESAS","43.497451982095455","-5.637908817110425"
"748","ESPINOSA","43.54134417227832","-5.707241661485458"
"749","POETA ANGEL GONZALEZ","43.530725137447895","-5.640064924651952"
"750","POBLADO INUESA","43.528569885902016","-5.70639759319024"
"751","ESTACIÓN DE SERVICIO BANKUNIÓN I","43.53591596186317","-5.690427067927199"
"752","IRENE FERNÁNDEZ","43.521770386886374","-5.667031279382244"
"753","RENDUELES LLANOS","43.53778227566966","-5.655682729081965"
"754","INDUSTRIAS","43.53869219482957","-5.696788424235056"
"755","INDUSTRIAS","43.539880894722636","-5.6967795591660675"
"756","HOSPITAL DE JOVE (CONSULTAS)","43.55243554165495","-5.700063198520089"
"757","CONCHA ESPINA","43.524254672406464","-5.683597812262152"
"758","NARANJO DE BULNES","43.526131602726245","-5.6830376260121485"
"759","PEÑA UBIÑA","43.530227242221","-5.68116506810688"
"760","MONSACRO","43.529842207341986","-5.679539271204684"
"761","TORRE BERMEJA","43.5281460582328","-5.682372136396579"
"762","PEÑA MEA","43.526647166729575","-5.684087550614431"
